id,first_name,last_name,email,password,location,services,type
1,Bryant,Pentelo,bpentelo0@indiatimes.com,$2a$04$Wpq53xXWHc3F9oz5pq6IL.ijdVzGx4fEcPfSXHf484s74VvAYMUBK,El Mirador,tutoring,client
2,Celie,Sadat,csadat1@hibu.com,$2a$04$hyEAxa/o/O6lDptaQT6H2OHUOlB1sqZmDRVA9WiMJeEY632Oz7JQi,Dębno,event planning,client
3,Joletta,Trank,jtrank2@last.fm,$2a$04$ULUKF4QbuRVEFVPKu6zdHumoWXl78SJYJxT1Zg66QTzjHpPRc20Vu,Shimodate,tutoring,client
4,Moritz,Bailey,mbailey3@twitter.com,$2a$04$34xtscasxc5N4dNOcHXW6.Tp9B/71gM5RvQ1ItpTRlK68enGgWoIm,Yuecheng,babysitting,rentner
5,Patten,Habishaw,phabishaw4@globo.com,$2a$04$7z2MQkH9micv0qwxzd09suYNzllsdA3D5ejkLL5k9C3wmd96N6gIq,Udënisht,personal training,rentner
6,Willabella,Shrieve,wshrieve5@wp.com,$2a$04$HkWthGdSYw1//jP7b0G7Zes4swAsN39RhYKhM40S48s1KwUNHwzaW,Patani,tutoring,client
7,Eric,Fairrie,efairrie6@gov.uk,$2a$04$4SX5NSd0g2114tg7T7fKpuWLB6R0IH.IL5W78jMaWMhdTFFTF0Zoe,Le Kremlin-Bicêtre,personal training,client
8,Kenneth,Eastcourt,keastcourt7@shareasale.com,$2a$04$cdZcvbdMYkLxnEGmngShwOoz/xtme1g.yxbAvOfB5A70HWkKp/TH2,Meïganga,computer repair,rentner
9,Kaia,Sterman,ksterman8@seattletimes.com,$2a$04$ebO2FQzOrxb/64.GXFiU2uX3WwtGiRPaW8OlmWvpsxGwtqJ4WP4fy,Al Ḩāḑir,tutoring,client
10,Karalee,Baigrie,kbaigrie9@yolasite.com,$2a$04$kY0Dmd/2EwhXZeZMgxyvY.G7XyHhQm7D6gShzTZV2Hhr5oDEYVhma,Cihe,massage therapy,client
11,Willa,Burder,wburdera@netlog.com,$2a$04$TiVBdDdgTw21VvL7VIPPVexgjqXOArzDYs3Bi6iwVAC11VzIelqbW,Tuanjie,gardening,rentner
12,Drake,Florez,dflorezb@naver.com,$2a$04$UC.YW5ua57s12b0n2/eRqeYiEvXLvkZ4F2U7ZDM.WxOpH1KNUePGu,Liquica,computer repair,rentner
13,Cleavland,Currm,ccurrmc@japanpost.jp,$2a$04$WJlWbwtLFBYh9jpHrNPeC.HAezL1EhTnnetWcQG0P6zgg0K.SmZye,Níkaia,personal training,rentner
14,Gilbert,Copcote,gcopcoted@vk.com,$2a$04$HVoQn8MiRuth.G/NUJnPouwtq35kFG0TWycHS7hcj1wsBFLapl1Ha,Masindi,computer repair,rentner
15,Patience,Given,pgivene@statcounter.com,$2a$04$fvvCVBE8YWKQXWjZo5x2HOKDZg3wVmJFqX44CQN65iYmdgiwfr50W,Masuda,massage therapy,client
16,Etan,Diperaus,ediperausf@nsw.gov.au,$2a$04$CulvapDtHGSNLxBvcg2CYePltSFy1P9by4D663QQ7cUHIr/ONYmmC,Fengmu,dog walking,client
17,Doris,Gerriet,dgerrietg@bigcartel.com,$2a$04$JADgttgs9Jy.eJ3uaE95l.6fJb4Ni898K.mpp6JWciYW0FIG./ep2,Kristianstad,house cleaning,client
18,Cinderella,Fiennes,cfiennesh@cnn.com,$2a$04$wh/aMJ2E9zeB60JOQEuhmOsTOgpTk4c/8Hgbu4we25CmkA5iHCTs.,Tirana,dog walking,client
19,Pattin,Cutforth,pcutforthi@senate.gov,$2a$04$h7O0b1a4u5q8dOFsP8z7SegYdhWxNtCzb9g3/vDx0ICdlICbxCZZy,Fuding,car washing,client
20,Waly,Taffley,wtaffleyj@yolasite.com,$2a$04$XAFkofsG9flQAmc0XgVmTOXwh3gNC.Yeiod1Q6BcGs1IOvyw7/eZa,Gävle,personal training,client
21,Hesther,Seary,hsearyk@cnn.com,$2a$04$G5dP3nKOkPv698a4PNQOM.vNL5.nYjTNcAjY3N7Zl8zv3wjdZkb8y,Idtig,babysitting,client
22,Zedekiah,Dymond,zdymondl@studiopress.com,$2a$04$uqsbrsHUztK1WZq7K.OYiujB0bhrTV2igYIRlt58jtAXZYt59nXKS,La Poma,massage therapy,client
23,Pen,Jeckell,pjeckellm@blogspot.com,$2a$04$Whi9WKCpnjnjK3w.FbRDk.KuMsbSPgr4iMIjftEMGo0f41BsMpqGm,Silongin,computer repair,client
24,Auguste,McKinless,amckinlessn@spiegel.de,$2a$04$iC2lfCX/THig5z0RxzCKOuojWOBQlpeyfvoz7AQEO2Fnga2TbIRc2,Nice,car washing,rentner
25,Jo-ann,Ferrario,jferrarioo@slashdot.org,$2a$04$VGUW/gaI6sSJmuNNdAcvXOcoyYlN4Q4zXNQcqdNq5gWSVkkeCdFMO,Wuhao,tutoring,rentner
26,Ham,Boanas,hboanasp@redcross.org,$2a$04$SDX3FxvfTwVh66xCgVwR8OBZgN3dOKdXjZAl2d3yt1f/INetxQwpK,Pamupukan,personal training,rentner
27,Michal,Pitcaithly,mpitcaithlyq@discovery.com,$2a$04$bGdjqVdg7yHqakacuFc42OvsxwdEaoU2jeX4qP47AdLgdEZLbCCdS,Grootfontein,event planning,client
28,Lazare,Vasnetsov,lvasnetsovr@statcounter.com,$2a$04$sPYtJJZFHlZSjszB9iWny.Q7KDWKpUd0kVI8CpHhqqy0sHLFUnPym,Florencio Sánchez,car washing,client
29,Bili,Triggol,btriggols@yelp.com,$2a$04$sWlQ1kVMfx2gpL/gVoxFi.ILFd/IfTXiPoRDXoFVXf8BZoVZetp7.,Lahar,gardening,client
30,Annabelle,Chason,achasont@cocolog-nifty.com,$2a$04$iyoiZKJSFrNt8hgmW4W0b.SzVR8ka3cth0xTDNVT8q2b6g4N3fvtu,Jardín,computer repair,client
31,Rafaelita,Sanja,rsanjau@histats.com,$2a$04$TYMDjxSR1LnNXRCZEZ.RlOgoRSgf7/GmfYFzL/W3iWUsQVPDQvxe2,North Little Rock,personal training,client
32,Dede,Sheen,dsheenv@infoseek.co.jp,$2a$04$02..sOMzVLVS3dNjTP8tsOl9MTtiS7aIHYeuS0GybshQ9i/ACvTKG,Niechanowo,computer repair,rentner
33,Drusi,Piquard,dpiquardw@gmpg.org,$2a$04$a25C0Zz4x3KNWq6hCrp.PefyttKp7h.dpdjcg7Y5HcKHeUaYNWwAe,Lascano,computer repair,rentner
34,Millicent,Sandey,msandeyx@wisc.edu,$2a$04$CWHhB9zhOWCBfhFtV.Yj0.UP6GM7ghqgpHcqAzyX74Qbuj9srJUzC,Quintã,computer repair,client
35,Chiquia,Quinane,cquinaney@addthis.com,$2a$04$D67WXyFs4oZg8ckk3kuljePgJUEPWbJzGweYiMXhMiTaD7nN4anbe,Besole,car washing,client
36,Stanfield,Larraway,slarrawayz@soup.io,$2a$04$luAZP27iomMwuDzr8Whb8ux.XkDC5cA6zR7RsohZQDqTucco.azEW,Guatimozín,computer repair,rentner
37,Ferrel,Washtell,fwashtell10@businessweek.com,$2a$04$4jhOqjG25EB0SQEc/ML.ted6/LSpqyzUVTqmy7DoP4tw3JThUOitW,Kowale Oleckie,tutoring,rentner
38,Gretal,Pridmore,gpridmore11@ask.com,$2a$04$kFrG9QM1WA9W2N9KASpXauXPK9cdJbT7Gapul0c794GU6lwNsv8Ua,Tugu,computer repair,rentner
39,Geneva,Pherps,gpherps12@moonfruit.com,$2a$04$MXgkNaEPY5dytG/DzmxcNu5xUERulQZQ44Q296fVF2Lj/SQMzSRES,Novaya Tavolzhanka,event planning,client
40,Donnie,McArt,dmcart13@bizjournals.com,$2a$04$C7qovqnSiODHJtczpL5pWevyH0cVMD61uCHnNmA2KxLuRAbsbkBxe,Sukasari,computer repair,rentner
41,Laverne,Quirke,lquirke14@dot.gov,$2a$04$x9CPVZvpy0aCezMA8ltDMunQZLqCIcyXI3dMR9MyfDdPWfQ8mjvWq,Corona,gardening,client
42,Doe,Obin,dobin15@patch.com,$2a$04$vcJllq1x9NwsHAq2t2qP8uJ79WKVCbGiWCamxnVXVGUnRFd2I8OUi,Gar,house cleaning,rentner
43,Muire,Fontell,mfontell16@alexa.com,$2a$04$6dg/hUaobV0h0NQR81K5WuQ6uWFwdkUhffsRYu/31g8XRJdEw/yg.,Makabe,babysitting,rentner
44,Ramonda,Dany,rdany17@tinypic.com,$2a$04$7fJSYGlmOyQVrz6gX7jsuOwX/dtlOr3c9jRU0uM/es2fHeCTHfLcK,Jaguariaíva,babysitting,client
45,Culley,Barnewall,cbarnewall18@about.com,$2a$04$ve92rffsRTBa/mE7d8siSuPLfw063/fc3HgPfL6LRQQdUqIA6LMZy,Corralito,personal training,client
46,Alon,Douglas,adouglas19@parallels.com,$2a$04$eIAjv5sPK37f7FYBJXiBeeOrVpo/TYA33j6ejDUrlRstkZwQIi2bu,Gesing,tutoring,rentner
47,Celestine,Brech,cbrech1a@stanford.edu,$2a$04$vONE/x8nZWPKbocGHxnt1OTE/zEWgmmV.XpOG3RLp5D4BnzmzoJWG,Alcoutim,babysitting,rentner
48,Theressa,Frenzl,tfrenzl1b@jimdo.com,$2a$04$Ik0WrBevvoXjYwA2ZRDeM.LOjC2qeM3vqwQEm5jUnRMSq/PsSFjDy,Roma,personal training,rentner
49,Rhodia,Jeandet,rjeandet1c@behance.net,$2a$04$U36bsS9UCMIlIcBQUoN5NeokAHHlQoHXjzlfyWKm6qM2V49JYKw7m,Pampamarca,personal training,client
50,Lib,Jouannin,ljouannin1d@over-blog.com,$2a$04$QallPVY3yfdi8jytqJjZ7eLO6hmXTnlbPeMKE2uuklvhuf1RgTqNW,Fushë-Muhurr,computer repair,rentner
51,Caryl,Birden,cbirden1e@homestead.com,$2a$04$0FCTXHn/hO3dvz2bO7lUgevxcEEpfUuOLjre3mPT4bqL8zLOuabxG,San Bernardino,personal training,rentner
52,Brantley,Balsom,bbalsom1f@wix.com,$2a$04$d/QWyC78nY94J8FlTliD6exicRNjFfrvB7aIN9dSW7pka/rQppZY2,Dire Dawa,house cleaning,rentner
53,Moishe,Dilger,mdilger1g@google.co.jp,$2a$04$4RlA.1oWyYdIGwFRjMszjO6kp11roKe5pY/PockExjI5qrgWomykq,Mene de Mauroa,gardening,rentner
54,Frederico,Wellman,fwellman1h@discovery.com,$2a$04$.3y0zrrCdxiY8mlbx7SeK.EPiHYzWZDLsit7P0RxOGB.LUgRuLZmm,Yangxipu,dog walking,client
55,Torey,Garbott,tgarbott1i@wsj.com,$2a$04$qVnljDsAmZrTiestQyTpGeG.UtYjwry81CmP6SaSu4Z2Xwc8cFNii,Evxinoúpolis,event planning,rentner
56,Findley,Veronique,fveronique1j@guardian.co.uk,$2a$04$rZKwOX9ooFayj0/lnv33p.usAwtftBRMnIHyYddyOMpDxhgsEbJ7K,Champaign,dog walking,client
57,Rudy,Toulch,rtoulch1k@europa.eu,$2a$04$URcxz2ZLT3RbqUanLGHUK.K11D3ovncdsi2EpRmtNn5iOg2m96k/.,Nanmu,house cleaning,client
58,Thurstan,Posselow,tposselow1l@imgur.com,$2a$04$YcKvsUyouAnHYQ0y9ruK5OqlPcS7miuGoURYJ8oWDrm5jm60XHDIW,Cikuda,babysitting,rentner
59,Audi,Whipp,awhipp1m@elpais.com,$2a$04$FvdJzlhbgwUJFdHfsCrFAOCrMC9R4AtT9gviBA/NDBJHge5l2R./K,Pengilon,gardening,rentner
60,Jamima,Meads,jmeads1n@pinterest.com,$2a$04$6wJO9KRl3.dtlgsR.3zE0Ou30C6Xoj2l6uJCmGSTkG2c5Hyz3uP86,Yanaul,dog walking,client
61,Humfrid,Steeples,hsteeples1o@go.com,$2a$04$4fzqo.NSmPJfX0GJd8sMreFGkdtGVrzTIiz0vbjBuCyTvXGS38JZ2,Orléans,tutoring,client
62,Eustace,Phythean,ephythean1p@irs.gov,$2a$04$NW2HkihOGd9INoSA/qGBnOD3J3.3PaUg7jolezmaH0ej5DugKcnnO,Longmen,car washing,client
63,Burty,Maher,bmaher1q@deviantart.com,$2a$04$Yx4ypAleCXqG/HzOavJ8Be774O6fEXxrqDppvKeCNWWDtd377f.Xq,Orikhiv,massage therapy,client
64,Karlene,Shugg,kshugg1r@paginegialle.it,$2a$04$8OQebOUcZZoU4nnshDmp0O.mHyRgLOm55XN6kqDtZ7PRUdrF4RcPG,Xinyu,house cleaning,client
65,Gerry,Ondrasek,gondrasek1s@istockphoto.com,$2a$04$rIz1JK0GHcllHmSw493MT.a6JRly8uP.l2yCCH0Y8GVfhpPBJixTS,At Taḩālif,tutoring,client
66,Carmelita,Gingell,cgingell1t@nytimes.com,$2a$04$PUEmjuBkFTIhGEnGisFOKuf1XJpQ/6MC3wxIQG.E1R6Z7fLqHR8Q2,Shani,personal training,rentner
67,Bride,Yarrell,byarrell1u@wikispaces.com,$2a$04$oloRLzjx1YSA712F1fSX1eG6y4ikUoL6b/hyPFJd5.SCIcH7vkgea,Chillán,tutoring,client
68,Kala,Van der Veldt,kvanderveldt1v@opera.com,$2a$04$7JKrLgStviUwJwkS4MH3X.V4h/kjijqoBlTE15kgFzYnUJUktBn6q,Pirajuí,babysitting,rentner
69,Delbert,Bassick,dbassick1w@mit.edu,$2a$04$I4.u2/RwhUXX5VoPP4NheeTxhoWW2s.wj2osowO.0LxCDlV6dt5cy,Songkar B,car washing,rentner
70,Nichol,Pinnion,npinnion1x@auda.org.au,$2a$04$L8WGyaNVs/nb48D8dJYxbe.PH85uT04UL0GB7u83cR1SkFIPM7zBy,Tatarsk,babysitting,client
71,Alfy,McCormack,amccormack1y@businesswire.com,$2a$04$Cn1ib2CWawo35Uo5iAFANuWmJufYo4qUUizc67nzY.A2ntHFokzq.,Gowurdak,car washing,rentner
72,Neall,Gounel,ngounel1z@scribd.com,$2a$04$hCEueLBC2qsvaH5HCL4Y6OFypZC4QH9qax4gXxYdYqyDFAPF.dkEK,Olszówka,gardening,rentner
73,Flint,Campanelli,fcampanelli20@prweb.com,$2a$04$/Dl7wCjUzeCUJUCBqIpzR.NEvcDFqy9tLkiW0t6eJseYIrvYMrMAC,Sibut,babysitting,rentner
74,Nissy,Macer,nmacer21@deviantart.com,$2a$04$e4565T2LZq8WBxlA0hHMm.dpsJnVqGy114GBiXb0fPdJ30/0.fBlq,Hamilton,gardening,rentner
75,Alberto,Barkworth,abarkworth22@cdc.gov,$2a$04$JezNRbJXR0TnNrh5/qCtoesQCHChJ//nl/AiHaeQ9SeBQibpY/w1q,Xinyang,event planning,rentner
76,Hernando,Pennington,hpennington23@hexun.com,$2a$04$gGQS/Au1HvxTS5IjgP8JEuTMrW8/U/YLnQA32vXLEYvNODC1q7NUS,Alajuela,tutoring,client
77,Jeri,Dimbleby,jdimbleby24@51.la,$2a$04$zxxZWbOt68dlLtySgmGDHOR1aWChI.Tfjs28X3oBjNdir.5HEzL7W,Tsaritsyno,event planning,rentner
78,Immanuel,Daenen,idaenen25@themeforest.net,$2a$04$lmDpEUgCTPtBh9ShIniY6OQ/1Yq8MdZ5uhkJjblcrD122AJbNXYN.,Johnson City,dog walking,client
79,Laurette,Husbands,lhusbands26@hao123.com,$2a$04$eIP60lbbOHqeyvma4Yfvj.szhAZvGW3stPlpCJCi6.bLmPzlSEG/G,Ilo,computer repair,client
80,Balduin,Kondratenya,bkondratenya27@ft.com,$2a$04$1WVKb5e8qaITzTUDKGE/fOiae7Thsoo6MAUT/knNfT90RoZwPzJzW,Beiwucha,house cleaning,rentner
81,Hayward,Coast,hcoast28@biglobe.ne.jp,$2a$04$yq4bwuI5xaWNYfww3NQP.eIurnjgtW.VwbhQkq04U3/aihCN2UfTu,Huai Mek,house cleaning,client
82,Berkley,Pendlenton,bpendlenton29@blogger.com,$2a$04$0yoBf6oZg0VokQUR/P/twuYGp4qHBmBFIBYmQMECty.5R7WBTjun2,Bichena,gardening,rentner
83,Quillan,Goundrill,qgoundrill2a@theglobeandmail.com,$2a$04$LpLZ0wgyeAUBiBP2REqsgOfLOso8ZIBDOR1TyFS0NRuxr6qOs2MsK,Malaba,dog walking,client
84,Cyndy,Martinon,cmartinon2b@purevolume.com,$2a$04$PDkn0eAFRWJWVmb9MopAduPwDSjyX0M8kjQef1.yYMTk/7dvSF8em,Chaihu,event planning,client
85,Ruben,Gronno,rgronno2c@paginegialle.it,$2a$04$yfYhZA6ZZYTmV5C56PvBr.lu1DInkITeSWYfAD40TJ0I7NQa1D8p.,Hisings Kärra,gardening,client
86,Farand,Scanes,fscanes2d@nytimes.com,$2a$04$kpNL64UUtGKAM0HyXDMCZ.0Y/awf/dYd3eiKl5fImsjXqgYrxItfa,The Valley,house cleaning,client
87,Abdel,Carr,acarr2e@telegraph.co.uk,$2a$04$0mlnb44LayiLgYv2dFZv5elyEsz/uRkfcIUoKhuXI/shLU9OxFLbW,Kumla,car washing,rentner
88,Cloris,Fronzek,cfronzek2f@soundcloud.com,$2a$04$gADTxyduKLCzGzppUohCkO7OBW09drg6HEG1o48ZhawOtMkQlpyqi,Jiangqiao,car washing,rentner
89,Ella,Fagge,efagge2g@soup.io,$2a$04$T/hLxA/Xk7aqMf2HfSVohuKrSaweKm6dAsipYqqZ77RixiV/GghHa,Zhangguanying,event planning,client
90,Dominic,Happel,dhappel2h@so-net.ne.jp,$2a$04$sEwOYRWkp7rKk5a9oH6J.eVXYfZcQ.uxs2z92bg77fYzRyXC4eVbe,Jiangning,massage therapy,rentner
91,Ivory,Clines,iclines2i@wix.com,$2a$04$.tV9zDOBRQN2FfgXSWRnoui9ANli5Jy1nWh.OEmtgZrMg3zv3c9.G,Villa Lugano,tutoring,rentner
92,Neely,Elgood,nelgood2j@cdc.gov,$2a$04$pQvz4fCgq6/I10LX.XEw6.2jKE/ByfBW9jhd1anZBYKanTtlcupNC,Wiset Chaichan,gardening,rentner
93,Hanny,Pudge,hpudge2k@comsenz.com,$2a$04$ATABHQYdvnGL8Opt2xIAvOVT0DDNIr0AXggGrJw3nFA0.jMjVTFxW,Governador Valadares,dog walking,client
94,Minnnie,Auguste,mauguste2l@ebay.com,$2a$04$yjP3gEBpR1Qo371cQEBo7uSejQCUMxBWUfXWRHO45ou6LZkAWjpdG,Nariño,event planning,rentner
95,Abby,Paskell,apaskell2m@imageshack.us,$2a$04$21ZUbDIbiZ1tAx/T6HfoQugr0hCQPzUMSAB2wb3N26gZbbyMuZ8we,Gaotaizi,personal training,client
96,Tades,Matignon,tmatignon2n@salon.com,$2a$04$XPzz3A/36Q6FJdmsXgMKAetXMJiOHWZYCkdN.0T6Ck/.IP3vRP5Ge,Abricots,babysitting,client
97,Raffaello,Van Cassel,rvancassel2o@nature.com,$2a$04$/GhhhJAgZIGbqIkYgyF.Nu9q/ZEZLaQPO85ReQ3ALxFIPxoH8QHtm,Ariquemes,gardening,client
98,Mozes,Graeser,mgraeser2p@qq.com,$2a$04$XnDAmdx6bzqTt.vQO3nD7O.8ISWLHfn26oSF6I.8qrzUzTXCppevS,Flandes,massage therapy,client
99,Elsie,Benoey,ebenoey2q@yahoo.co.jp,$2a$04$iDSGeLZBDbKMTAL91ivY5eJllPG1sDGyNWzsL6e84upRk2jDzzdlS,Xinxu,car washing,client
100,Hervey,Giacomuzzi,hgiacomuzzi2r@github.io,$2a$04$INDyY5e5jpcvwm/semKYruj3Oe.6fiR504mJVA6X82ur8cWZXchl6,San Andres,house cleaning,client
